{
  "samples": 24,
  "retrieval_hit_rate": 1.0,
  "mean_token_f1": 0.8616520940333634,
  "judge_accuracy": 0.7083333333333334,
  "mean_judge_score": 4.333333333333333,
  "ragas": {
    "skipped": "Set RUN_RAGAS=1 to enable the slower Ragas pass."
  }
}
